id;name;created_at;updated_at;created_by;updated_by;email;address;phone;partner_type
1;Borders;2020-12-21T03:39:41;2020-12-20T17:02:54;Garden port parsing;synthesizing;Maeve.Lesch@hotmail.com;Mouse killer Refined;(791) 368-7847 x9635;CORPORATION
2;Maryland Ergonomic Plastic Soap program;2020-12-20T23:16:43;2020-12-21T10:28:07;Sleek Metal Bacon;Berkshire Clothing;Jadyn_Johnston@yahoo.com;exploit Home Loan Account North Dakota;324-876-2806;CORPORATION
3;Tennessee Principal United States of America;2020-12-20T19:22:14;2020-12-21T06:36:36;Overpass Savings Account indexing;Salad Steel;Mariano.Bogan35@yahoo.com;withdrawal;1-074-375-8091 x52908;CORPORATION
4;Corporate;2020-12-20T15:15:45;2020-12-20T13:54:03;Keyboard programming alarm;Greenland;Lina49@gmail.com;grey Avon;499.787.3433;PHYSICALPERSON
5;hacking Legacy;2020-12-20T19:36:07;2020-12-21T06:00:34;Fresh Wells COM;Saint Vincent and the Grenadines;Bertram.Fay59@yahoo.com;Jordanian Dinar Fantastic Spring;067-916-2071;PHYSICALPERSON
6;Ramp Representative Metal;2020-12-21T01:56:53;2020-12-20T19:14:54;hacking;metrics Handmade Cotton Table Berkshire;Gianni.Hodkiewicz@hotmail.com;contextually-based;1-493-038-2424 x822;PHYSICALPERSON
7;e-commerce invoice web-readiness;2020-12-21T01:27:06;2020-12-21T07:01:34;Global Licensed Rubber Computer;Developer Principal;Emmanuelle_Reichel57@gmail.com;compress microchip feed;(622) 521-2259;PHYSICALPERSON
8;Tunnel sticky;2020-12-20T15:15:34;2020-12-20T13:38:21;Accounts National;benchmark Sausages neural;Annabelle19@yahoo.com;Belize Dollar;(433) 259-0131 x6712;CORPORATION
9;transmit New Hampshire;2020-12-20T22:30:55;2020-12-20T13:09:31;navigating secured line;Tuna;Lester67@hotmail.com;collaborative markets;108-384-3857 x4544;CORPORATION
10;National Rand Costa Rican Colon;2020-12-21T05:27:36;2020-12-21T10:30:24;Neck;Handcrafted Fresh Table Tactics;Anabel_Langosh@gmail.com;Fresh Square New Hampshire;(199) 735-7710 x464;CORPORATION
